{
    "temperatures": [
        303.15,
        313.15,
        323.15,
        315.4,
        324.85,
        334.85,
        346.2,
        298.15,
        298.15,
        298.15,
        298.15,
        298.15,
        298.15,
        298.15,
        298.15,
        298.15,
        298.15,
        298.15,
        298.15,
        298.15,
        298.15,
        308.15,
        298.15,
        303.15,
        313.15,
        323.15,
        298.15,
        298.15,
        298.15,
        308.15,
        298.15,
        303.15,
        308.15,
        313.15,
        318.15,
        323.15,
        283.15,
        288.15,
        293.15,
        298.15,
        303.15,
        308.15,
        313.15,
        318.15,
        323.15,
        298.15,
        303.15,
        308.15
    ],
    "densities": [
        NaN,
        NaN,
        NaN,
        NaN,
        NaN,
        NaN,
        NaN,
        NaN,
        NaN,
        NaN,
        NaN,
        NaN,
        NaN,
        NaN,
        NaN,
        NaN,
        NaN,
        NaN,
        731.9,
        733.3,
        732.5,
        722.3,
        731.89,
        728.5,
        719.2,
        713.0,
        733.3,
        732.88,
        731.9,
        723.9,
        NaN,
        NaN,
        NaN,
        NaN,
        NaN,
        NaN,
        747.7,
        743.0,
        738.3,
        733.5,
        728.7,
        723.8,
        719.0,
        714.1,
        709.2,
        733.4,
        728.4,
        723.5
    ],
    "viscosities": [
        0.458,
        0.398,
        0.353,
        0.448,
        0.3945,
        0.3475,
        0.3034,
        0.468,
        0.484,
        0.502,
        0.52,
        0.538,
        0.556,
        0.574,
        0.592,
        0.61,
        0.656,
        0.729,
        0.49300000000000005,
        0.486,
        0.47,
        0.3817,
        0.4932,
        0.444,
        0.393,
        0.333,
        0.471,
        0.476,
        0.49340000000000006,
        0.4249,
        0.47,
        0.44,
        0.41,
        0.39,
        0.37,
        0.35,
        0.5769,
        0.5327,
        0.4963000000000001,
        0.4609,
        0.4294,
        0.4057,
        0.3763,
        0.3539,
        0.3292,
        0.4935,
        0.464,
        0.4249
    ],
    "pressures": [
        100.0,
        100.0,
        100.0,
        100.85,
        100.85,
        100.85,
        100.85,
        100.0,
        4470.0,
        9460.0,
        14440.0,
        19430.0,
        24410.0,
        29390.0,
        34380.0,
        39370.0,
        51810.0,
        71750.0,
        NaN,
        NaN,
        NaN,
        NaN,
        NaN,
        NaN,
        NaN,
        NaN,
        NaN,
        NaN,
        NaN,
        NaN,
        100.7,
        100.7,
        100.7,
        100.7,
        100.7,
        100.7,
        NaN,
        NaN,
        NaN,
        NaN,
        NaN,
        NaN,
        NaN,
        NaN,
        NaN,
        NaN,
        NaN,
        NaN
    ],
    "state": [
        "L",
        "L",
        "L",
        "L",
        "L",
        "L",
        "L",
        "L",
        "L",
        "L",
        "L",
        "L",
        "L",
        "L",
        "L",
        "L",
        "L",
        "L",
        "L",
        "L",
        "L",
        "L",
        "L",
        "L",
        "L",
        "L",
        "L",
        "L",
        "L",
        "L",
        "L",
        "L",
        "L",
        "L",
        "L",
        "L",
        "L",
        "L",
        "L",
        "L",
        "L",
        "L",
        "L",
        "L",
        "L",
        "L",
        "L",
        "L"
    ],
    "residual_entropies": [
        -1.9143002242489255,
        -1.8461597138929313,
        -1.7808376088462279,
        -1.8312323396161148,
        -1.7699921251680166,
        -1.7075434536733491,
        -1.6392201956516332,
        -1.9495406198390715,
        -1.9658567607298052,
        -1.9837985482555054,
        -2.00104392757975,
        -2.017726286635213,
        -2.033833343869744,
        -2.049446039469546,
        -2.0646351371332314,
        -2.079404666101652,
        -2.114595307042965,
        -2.1669207414956797,
        -1.9176574968846627,
        -1.9232045465629168,
        -1.9200335226659853,
        -1.846667976446164,
        -1.9176179127125392,
        -1.887174182114825,
        -1.8189499451989752,
        -1.7655097457784932,
        -1.9232045465629168,
        -1.921539332560295,
        -1.9176574968846627,
        -1.8528253150798502,
        -1.9495432818347085,
        -1.9143029274824475,
        -1.8798582833276487,
        -1.8461625098481662,
        -1.8131708584542305,
        -1.780840512330407,
        -2.0371532317223733,
        -1.99856202614172,
        -1.960989571736202,
        -1.9239978373027933,
        -1.887955797905544,
        -1.8524401076163781,
        -1.8181903366614918,
        -1.7844067001167663,
        -1.751441137803522,
        -1.9236011651684906,
        -1.8867834516502722,
        -1.851284784590185
    ],
    "viscosity_reference": [
        0.026443115092943836,
        0.027254768869178325,
        0.02805700663816501,
        0.02743607443132549,
        0.02819248810765143,
        0.02898435169308887,
        0.029872967252137204,
        0.02603358966062491,
        0.02603358966062491,
        0.02603358966062491,
        0.02603358966062491,
        0.02603358966062491,
        0.02603358966062491,
        0.02603358966062491,
        0.02603358966062491,
        0.02603358966062491,
        0.02603358966062491,
        0.02603358966062491,
        0.02603358966062491,
        0.02603358966062491,
        0.02603358966062491,
        0.02685015243653345,
        0.02603358966062491,
        0.026443115092943836,
        0.027254768869178325,
        0.02805700663816501,
        0.02603358966062491,
        0.02603358966062491,
        0.02603358966062491,
        0.02685015243653345,
        0.02603358966062491,
        0.026443115092943836,
        0.02685015243653345,
        0.027254768869178325,
        0.027657031738538267,
        0.02805700663816501,
        0.024789471165725274,
        0.025206821977512284,
        0.02562151158912793,
        0.02603358966062491,
        0.026443115092943836,
        0.02685015243653345,
        0.027254768869178325,
        0.027657031738538267,
        0.02805700663816501,
        0.02603358966062491,
        0.026443115092943836,
        0.02685015243653345
    ],
    "ln_viscosity_star": [
        2.851873358637049,
        2.681223495113147,
        2.5322296651352487,
        2.7929344998742605,
        2.6385635769883886,
        2.4840085774431513,
        2.3180981007471693,
        2.8890806816698347,
        2.9226972924688193,
        2.959212505443917,
        2.994441197327661,
        3.028470945913972,
        3.0613806800027703,
        3.093241782071754,
        3.124119020636193,
        3.1540713429195444,
        3.2267731746962767,
        3.332286117760846,
        2.941121559794878,
        2.926821009652681,
        2.893345080456292,
        2.654363461474123,
        2.941527157042377,
        2.8208287369550886,
        2.6685811016979706,
        2.473904098182396,
        2.8954704797686053,
        2.9060302399836075,
        2.941932589847444,
        2.761582348843705,
        2.893345080456292,
        2.811778901435171,
        2.7258856614212923,
        2.6609182289524016,
        2.593622997577319,
        2.5236947626854116,
        3.147249928007818,
        3.0508437426484902,
        2.9637482875089782,
        2.87379348547865,
        2.7873930599675445,
        2.7153424719353403,
        2.625158187428101,
        2.5491343792904666,
        2.462427077004867,
        2.9421352446257236,
        2.864888726749119,
        2.761582348843705
    ]
}