{
    "temperatures": [
        298.15,
        298.15,
        298.15,
        298.15,
        298.15,
        298.15,
        298.15,
        298.15,
        298.15,
        298.15,
        298.15,
        298.15,
        298.15,
        308.15,
        298.15
    ],
    "densities": [
        NaN,
        NaN,
        NaN,
        NaN,
        NaN,
        NaN,
        NaN,
        NaN,
        NaN,
        NaN,
        NaN,
        NaN,
        NaN,
        NaN,
        NaN
    ],
    "viscosities": [
        0.365,
        0.3781,
        0.3931,
        0.4082,
        0.4233,
        0.4385,
        0.4537,
        0.469,
        0.4843,
        0.4996999999999999,
        0.5151,
        0.5227,
        0.3585,
        0.3222,
        0.3585
    ],
    "pressures": [
        100.0,
        4470.0,
        9460.0,
        14440.0,
        19430.0,
        24410.0,
        29400.0,
        34380.0,
        39360.0,
        44350.0,
        49340.0,
        51800.0,
        101.325,
        101.325,
        101.325
    ],
    "state": [
        "L",
        "L",
        "L",
        "L",
        "L",
        "L",
        "L",
        "L",
        "L",
        "L",
        "L",
        "L",
        "L",
        "L",
        "L"
    ],
    "residual_entropies": [
        -2.492152186052522,
        -2.5143597369523043,
        -2.5387140099426224,
        -2.562064041163764,
        -2.584601858755626,
        -2.6063199336865384,
        -2.627376371569848,
        -2.6477476874137253,
        -2.6675295794893144,
        -2.6868063779827107,
        -2.705578730583375,
        -2.714658848618148,
        -2.4921590536290408,
        -2.376321175971688,
        -2.4921590536290408
    ],
    "viscosity_reference": [
        0.019439543546984416,
        0.019439543546984416,
        0.019439543546984416,
        0.019439543546984416,
        0.019439543546984416,
        0.019439543546984416,
        0.019439543546984416,
        0.019439543546984416,
        0.019439543546984416,
        0.019439543546984416,
        0.019439543546984416,
        0.019439543546984416,
        0.019439543546984416,
        0.02007972738940614,
        0.019439543546984416
    ],
    "ln_viscosity_star": [
        2.932588034919254,
        2.96784939223365,
        3.0067547137645776,
        3.044447931712507,
        3.0807718288636408,
        3.1160504931490007,
        3.150126868006681,
        3.1832934497830423,
        3.2153952307459464,
        3.246698599686922,
        3.2770517379083026,
        3.291698367055639,
        2.914619341376438,
        2.775461752236297,
        2.914619341376438
    ]
}